NCT_ID,PMID
NCT00000171,"['14655926', '33189083']"
NCT00000172,['10971048']
NCT00000173,"['14732621', '17210817', '2650663', '35719690', '9443470', '9447429']"
NCT00000174,['17509485']
NCT00000176,"['17195882', '8709781', '9191758', '9484355']"
NCT00000177,['10697060']
NCT00000178,['10680787']
NCT00000179,['11087767']
NCT00001178,"['3497229', '3872096', '6335379']"
NCT00001235,"['6600923', '7596406', '7732429']"
NCT00001480,['8268327']
NCT00001662,"['2900537', '8153879', '8768713']"
NCT00001917,"['6753611', '7023592', '827772']"
NCT00001933,"['2062717', '2294654', '3518588']"
NCT00001972,"['3121601', '5785006', '6432811']"
NCT00001977,"['1782529', '3950635']"
NCT00004845,['12783912']
NCT00006176,"['10517635', '10595921', '12103288']"
NCT00006399,"['1410163', '8024677', None]"
NCT00007189,"['10851364', '17111043', '17460158', '18378608', '18474729', '25022541', '25115882', '8712791', '8757015']"
NCT00009191,['11007727']
NCT00009217,['21845596']
NCT00010803,"['15820233', '16226041', '16627007', '16949348', '17087700', '18000144', '18165850', '19017911', '19279031', '19347684', '20040554', '20123670', None]"
NCT00013182,"['11820554', '12382454', '16126650', '16137280', None]"
NCT00013650,['10680787']
NCT00013923,"['10818509', '11193795', '8295654']"
NCT00015548,"['11739062', '12908661', '17035647', '17984395', '18519523', '19369318', '20214847', '28215900', '29045769', '32074412', '33176899']"
NCT00017940,"['10485922', '11172055', '15852017']"
NCT00024531,"['10936882', '12212783', '14501025', '15883262', '8744411', '9329686']"
NCT00029120,['10567488']
NCT00031018,['11131295']
NCT00034567,"['17135805', '17135806', '17135808', '17135809', '17135810', '17135811', '17135812']"
NCT00034762,['16505133']
NCT00035204,['33189083']
NCT00036114,['34918337']
NCT00039702,"['7901908', '8346443', '8350998']"
NCT00040378,"['22651854', '23171483', '23299383', '23906000', '26180776', '27519183', '27801937', '28319243', '33569563', '7644059', '9110909', '9989456']"
NCT00046358,"['10682216', '9343469', '9697923']"
NCT00053599,"['11089820', '11881745', '12205648']"
NCT00056225,"['11844848', '11880504', '12611755', '18854539']"
NCT00056329,"['9110909', '9153159', '9161927', None]"
NCT00056524,['25062507']
NCT00056628,"['11723260', '12391340', '9457114']"
NCT00059410,"['10750312', '10994653', '12621316']"
NCT00062569,"['12219552', '9928961', None]"
NCT00063310,"['11560301', '12391612', '12622570']"
NCT00065767,"['11296734', '11795356', '12371603']"
NCT00066157,"['10399774', '11524467', '12149049']"
NCT00071721,"['10037507', '11126389', '12453674', '21810649']"
NCT00074529,"['19015485', '19949163']"
NCT00076440,"['10718932', '11560301', '12391612']"
NCT00083590,"['10637369', '9141073', None]"
NCT00086138,"['17068314', '20087081', '20672243']"
NCT00088387,"['12671529', '12677073', '7574462']"
NCT00089882,"['12794385', '12820701', '15266207', '15654228', '16306249', '25642295']"
NCT00090402,"['12873849', '12897407', '15339646', '24077434']"
NCT00093951,['15451390']
NCT00094913,"['10023955', '11445252', '11526211']"
NCT00094939,"['10634455', '12196665', '12429378']"
NCT00094952,"['12196665', '12429378', '14657306']"
NCT00099242,"['21312297', '27681702']"
NCT00099710,"['11571321', '11606625', '15590663', '23107780']"
NCT00105105,['12212781']
NCT00105547,['20009055']
NCT00105612,"['11329391', '12473015', '20808101', '7575221', '7955902', None]"
NCT00105638,['20507926']
NCT00106899,"['12714109', '12904814', '14732621', '20813339', '21220675', '21659625', '22019547', '22503160', '22963265', '32785820', '36253968']"
NCT00110552,"['12605619', '12895683']"
NCT00112073,"['22473769', '25669746']"
NCT00117403,"['10096843', '14732624', '22431837', '9110909']"
NCT00119561,"['22917945', '24617278']"
NCT00120874,"['10189596', '14559955']"
NCT00142324,['17914039']
NCT00142805,"['10634967', '10805800', '10811879', '19664276', '21992747', '6544385', '8592548', '9932420']"
NCT00147693,['19500421']
NCT00149175,"['17071924', '17318302', '17345602', '17436289', '17664410']"
NCT00161473,['19700947']
NCT00164749,"['17951067', '18204357']"
NCT00177489,"['17116917', '20122038', '21391405']"
NCT00178165,"['12937330', '12937331', '12937332', '12937333', '12937334', '12937335', '12937336', '14518799', '14518800', '14518801', '14518802', '14518803']"
NCT00182897,"['12937333', '7852717', '8907091', '9203759']"
NCT00183378,"['14511168', '15877554', '20660515', '21797835']"
NCT00190372,['15800450']
NCT00205179,"['19054783', '26401779']"
NCT00208819,[None]
NCT00209456,['24993764']
NCT00211159,"['17030655', '17582225', '18541548', '19965584', '22545106', '24410954', '24934544', '25616438', '26402079', '28855224', '29154271']"
NCT00216593,['19042161']
NCT00219232,['19484917']
NCT00231946,"['14871891', '14991845', '15190686', '15331856', '15723167']"
NCT00235716,"['23583234', '24381967']"
NCT00236574,['17620494']
NCT00239746,"['10534257', '11700559', '12297571', '9874808']"
NCT00239759,"['12707449', '12756140', '15608005', '15647106', '16043796']"
NCT00244322,"['18695053', '20350302']"
NCT00245206,"['21062616', '23218100']"
NCT00246896,['16684985']
NCT00249145,['10496251']
NCT00249158,['12633121']
NCT00253123,['10084637']
NCT00253188,"['11110737', '15525294']"
NCT00253201,"['10881250', '14967774']"
NCT00253214,['15990426']
NCT00253227,['11606667']
NCT00254033,['18591575']
NCT00259454,"['20810376', '20921879']"
NCT00259467,['19420314']
NCT00259480,"['20921879', '26833933', '28260539', '30556172', '33571930']"
NCT00261573,['11965273']
NCT00265148,['20930300']
NCT00276510,['22959217']
NCT00287248,"['10891974', '10932230', '1100130', '11231639', '11438712', '11816788', '11910111', '11941374', '12130773', '12379846', '12434053', '12445687', '12519062', '12566568', '12640446', '12714109', '12765607', '12847155', '1432157', '14501004', '14667496', '14997933', '15007564', '15084119', '15148750', '15229308', '15314249', '15464749', '15642916', '15659599', '15883316', '15883317', '15937315', '6496779', '6610841', '7396427', '7473539', '7594159', '8543979', '9236948', '9697686', '9781382', None]"
NCT00291161,"['21233136', '21242317', '21273206', '21273207', '22228830', '22251867', '23070578', '23869899', '24413540', '24764496', '24982674', '25666216', '29854922', None]"
NCT00294307,"['15674058', '18032200', '21691473', '21908805', '24502827', '24969152', '25251126', '27146416', '30203668']"
NCT00295152,"['11246648', '12937332', '15315918', '17114212', '9447438', '9988301', None]"
NCT00303277,"['15534246', '17183151', '17724290']"
NCT00304629,['17621382']
NCT00305903,['21274364']
NCT00306124,"['12596014', '15236398', '16087920']"
NCT00315575,"['10944562', '15956166', '16344346', '8498827']"
NCT00322153,['29771687']
NCT00325728,['33189083']
NCT00348140,['21592048']
NCT00348192,['20872778']
NCT00348309,['21592048']
NCT00355498,"['16407119', '16585474', '16731723', '27421618']"
NCT00357357,['12859344']
NCT00362284,"['23339050', '25628299', '26238226', '29562359', '30009268', None]"
NCT00375557,['16375658']
NCT00377715,['18640457']
NCT00381238,[None]
NCT00388544,"['15983178', '16027564', '16430433', '16442470', '16526585', '17010825', '17062551', '17190404', '17284553', '17378465', '18274300', '19139246', '19215808', '19426941', '19434651', '20078005', '21649633', None]"
NCT00391794,"['10937544', '11302071', '15075423', '8543229']"
NCT00391833,['18580589']
NCT00397891,['26044070']
NCT00401167,['21476613']
NCT00403520,"['26876309', '27780331']"
NCT00407576,"['11734604', '12368666', '9374364']"
NCT00408525,"['10545515', '10811879', '10944562', '11255448', '11756604', '11790634', '11971086', '7884953', '8592548']"
NCT00409279,"['8557206', '8940320']"
NCT00411580,['22677258']
NCT00413621,"['10430421', '12925369', '16360788']"
NCT00416078,"['22662739', '33417236']"
NCT00417482,"['23075176', '27855483']"
NCT00420420,['22272611']
NCT00423228,[None]
NCT00428090,['20733306']
NCT00428389,['19929593']
NCT00432081,"['16697488', '18213383', '8351023']"
NCT00438568,"['15964100', '16216936', '17171192', '21911655']"
NCT00438724,"['11316839', '16019290', '17016901', '19865591']"
NCT00440050,"['11935973', '12873849', '14745067', '15041028', '15339646', '15788759', '21045096', '27358067']"
NCT00443014,"['17114212', '20429946', '22813231']"
NCT00453544,"['11329391', '11331139', '15494623', '28154452', '29182458', '7053558']"
NCT00459355,"['20679141', '24195007']"
NCT00459550,['25789616']
NCT00459693,"['12092785', '12394782', '2987488']"
NCT00462917,"['12794385', '12820701', '15266207', '15654228', '16306249', '21696382', '25634646', '25642295', '26810768', '28726810']"
NCT00467766,"['15121650', '15197285', '16420138', '17101889']"
NCT00471211,['18672400']
NCT00478205,"['20678673', '21612646', '21689411', '22572767', '22930699', '24073978']"
NCT00478491,"['16102979', '16321166', '16412236', '16738250', '17445294']"
NCT00479557,['26967206']
NCT00479843,"['22159768', '22354139', '23538648', None]"
NCT00480220,"['12168563', '14559955', '16684985', '17116916', '18373036', '20522656']"
NCT00480870,"['16082452', '16494088', '17364137', '18198262', '33189083']"
NCT00486044,"['11296263', '11344276', '15734937']"
NCT00488007,"['28269769', '28387664']"
NCT00490568,['21592048']
NCT00495820,"['20220576', '28945120']"
NCT00498602,['26967206']
NCT00505167,['19874395']
NCT00506415,"['23982674', '25755685']"
NCT00515333,['25550228']
NCT00523666,"['17164468', '17166745', '26796681']"
NCT00539305,"['11445632', '15668427', '15985573', '16344336', '17145137']"
NCT00544856,['23290333']
NCT00545974,"['10885864', '11417663', '1202204', '12105362', '12409683', '12497558', '12672860', '1447438', '14734594', '15554751', '16033782', '16317256', '16401839', '16401843', '16424917', '16477009', '16613895', '16718704', '17194818', '23290598', '6496779', '7905600', '8232972', '9043744', '9153155', '9855500', None]"
NCT00546767,"['11067378', '11700161', '15746489', '17135809', '17135810']"
NCT00550420,['20733306']
NCT00551161,"['10215485', '10369305', '10494442', '10905250', '11524470', '12244089', '1237101', '12468047', '12499507', '12879326', '1425971', '1432103', '15588758', '15779680', '15786629', '15800137', '15897945', '16199848', '16894124', '3980677', '4473151', None]"
NCT00555204,['25973909']
NCT00561392,['21645184']
NCT00571025,"['11790212', '19605829', '9343467', '9348421']"
NCT00574132,"['24450891', '26208959', '28269765', '29854934', '29854935', '30412493']"
NCT00575055,"['24450891', '26208959', '28269765', '29854934', '29854935', '30412493']"
NCT00582127,['16989799']
NCT00586430,['19573495']
NCT00594568,"['23883379', '26064192', '26120369', '26402769']"
NCT00606476,"['25669746', '30129411']"
NCT00607308,['24131736']
NCT00608946,['14617773']
NCT00612872,"['17296833', '2046917']"
NCT00624026,['21471647']
NCT00626210,"['11069971', '11222668', '12716965', '15917462', '2436113', '33189083']"
NCT00627029,['19211468']
NCT00646269,['14583963']
NCT00647478,"['11314741', '23015654']"
NCT00658125,['18232017']
NCT00666445,['18057502']
NCT00667810,"['26297092', '27176461']"
NCT00675090,['23521503']
NCT00676143,"['26297092', '27176461']"
NCT00677885,"['12438524', '12699389', '15497697']"
NCT00678431,['30480082']
NCT00679627,"['24591834', '27846868']"
NCT00706186,['33189083']
NCT00708552,['29854923']
NCT00710684,['29854923']
NCT00714571,['22409311']
NCT00715858,['14962152']
NCT00733863,['25918556']
NCT00743418,['18366748']
NCT00744978,['24247022']
NCT00750282,"['21481640', '33773598']"
NCT00751907,"['10477529', '12686036', '14523972', '14697473', '22175654', '7547018']"
NCT00752232,['25731629']
NCT00762411,"['26120369', '26402769']"
NCT00765115,['26948580']
NCT00795418,['25918556']
NCT00804271,"['21914212', '22492589']"
NCT00810147,['22892585']
NCT00812565,['23375965']
NCT00814502,['33189083']
NCT00814697,"['17101829', '19049544', '20574108', '21246222', '21671144', '23076723']"
NCT00818662,"['28381506', None]"
NCT00838084,['25404952']
NCT00843518,['23257314']
NCT00855686,['20729148']
NCT00857415,"['21245183', '22749065']"
NCT00857506,['24716655']
NCT00857649,['23472619']
NCT00862940,['22269160']
NCT00869817,"['15804925', '15883263', '16894106', '17210801', '2011242', '22784036', '29397305', '34636637']"
NCT00876863,['29582053']
NCT00880555,"['22399094', '24384308', '24556551']"
NCT00890890,['26414022']
NCT00898807,"['22301195', '24549548', '24914549']"
NCT00900770,"['16894106', '18263627', '18632739', '19001171']"
NCT00902499,"['11756667', '12486265', '14732621', '15070770']"
NCT00904683,"['24450890', '25125457', '26120369', '26402769', '29615123']"
NCT00905372,"['24450890', '25125457', '26120369', '26402769', '29615123']"
NCT00911807,['21679156']
NCT00939822,"['31607205', '34275209']"
NCT00940589,"['24971004', '33189083']"
NCT00946530,"['19943990', '22406033']"
NCT00948766,['25523430']
NCT00948909,['29854928']
NCT00954252,"['11700559', '12809514', '12949072', '14670296', '14709552', '16107537', '16134939', '16541076', '17292621', '17895400', '18220928', '18220929', '18220931', '18220932', '18568035', '19239474', None]"
NCT00955422,"['16401889', '17458478', '17616482', '27318133', '28068564']"
NCT00956410,['25918556']
NCT00959192,['25731629']
NCT00965588,['17287052']
NCT00965835,"['11679050', '17182990', '17383786', '19124691']"
NCT00966017,"['11679050', '17182990', '17383786', '19124691']"
NCT00976118,['21504563']
NCT00980785,['22776970']
NCT00982202,"['15817521', '17848652', '18072811', '20837824']"
NCT00990613,['27072954']
NCT00996918,['27334799']
NCT00998764,['27334799']
NCT01000038,['22745909']
NCT01018875,['28720101']
NCT01019421,['25297016']
NCT01020838,"['25824567', '26823561']"
NCT01021644,"['16254449', '16401740', '16418406', '16778001', '18768414']"
NCT01023685,['25918556']
NCT01024660,['23763450']
NCT01025466,['21561398']
NCT01028053,['35351181']
NCT01055392,"['21525519', '25093483', '30947755']"
NCT01061489,['27608620']
NCT01068353,['25934853']
NCT01078636,"['19027862', '19689234', '20042704', '20100581']"
NCT01094145,['26827109']
NCT01099332,"['19122030', '20026314', None]"
NCT01117181,['24021498']
NCT01119638,['17846102']
NCT01120002,['19519313']
NCT01128361,['28187125']
NCT01129115,"['26158265', '29286983']"
NCT01129596,['29993162']
NCT01137526,['24418055']
NCT01137799,['22766391']
NCT01138111,"['24970906', '33773598']"
NCT01142258,"['24495406', '33189083']"
NCT01163825,"['22655593', '27389402', '32375872']"
NCT01168245,['23076723']
NCT01172145,['22687392']
NCT01183806,['24938502']
NCT01189084,['17287052']
NCT01193608,['26925577']
NCT01194713,['24887018']
NCT01198093,"['24589036', '26845282']"
NCT01208675,"['23785466', '23911592', '25044107', '25155658', '25162367', '25411441', '26120319', '26354982', '26756745', '26836192', '26856756', '26878815', '27042676', '27164711', '27241045', '27357347', '27362763', '27579672', '27694257', '27709757', '27765859', '27900460', '28061383', '28179466', '35346458']"
NCT01217541,"['12789669', '18801019']"
NCT01222351,"['20205671', '20697031', '26221954']"
NCT01224106,"['22583155', '29221491', '31831056']"
NCT01227564,['29210443']
NCT01230853,['27048170']
NCT01231971,"['19027862', '19689234', '20042704', '20100581', '34187867']"
NCT01255163,"['21147038', '22476196', '27871675', '31518224']"
NCT01264614,['22136405']
NCT01266525,"['27662321', '33189083']"
NCT01273272,"['26576633', None]"
NCT01284387,['29199321']
NCT01295957,"['12948999', '23429813']"
NCT01297036,['21723605']
NCT01297114,"['26382734', '26865619']"
NCT01297140,['25304446']
NCT01297218,['29854930']
NCT01311492,"['10496547', '10811152', '10983911', '10993417', '10993418', '11078100', '11581152', '18314555', '20363136', '7572673', '7748914', '7837962', '7838189', '8126356', '8980206', '8980207', '9624662', '9838975', '9989320']"
NCT01314950,"['15331812', '16684985', '19689236', '22737979', '27893087']"
NCT01315639,['30327597']
NCT01315704,"['24261605', '27568453']"
NCT01315717,['25028353']
NCT01316562,"['23742705', '26518736']"
NCT01320527,"['25589719', '26967219', '34164711']"
NCT01322568,"['10774463', '12721547', '22948699', '9887164']"
NCT01329536,"['14728626', '15481075', '15760618', '17060558', '9236952', '9468467']"
NCT01339130,"['23527646', '23930667']"
NCT01343966,['31969177']
NCT01345110,"['24063518', '25466513', '32767997', None]"
NCT01353430,"['12921793', '15034582', '16199218', '16317258', '16419137', '16783167', '16984901', '17224685', '17935506', '18260132', '18845250', '19380227', '19828315', '20104022', '20301649', '21412659', '21643886', '21816654', '21892620', '22686199', '22909335', '23455423', '23715207', '25582679', '25716352', '25724235', '26134519', '27106764', '27312024', '28575052', '28692196', '29754758', '30097247', '35841038']"
NCT01362686,"['16050849', '16684985', '19554093', '23782591', '28295141', None]"
NCT01369225,['26925577']
NCT01374438,['24931567']
NCT01380288,['28786987']
NCT01397539,['29067304']
NCT01397578,"['30231896', '31969177']"
NCT01403519,"['15254796', '19395124', '20544828', '20598862', '20678069', '562380', '6979582']"
NCT01409564,['30761509']
NCT01409694,"['22014101', '22233455']"
NCT01417130,"['11852171', '17111043', '17192795', '17349430', '17349436', '17460158', '18474729', '18827048', '25022541']"
NCT01424436,"['24716469', '25789616']"
NCT01428453,['29854933']
NCT01430286,"['10605972', '10784462', '11832252', '11909614', '12040138', '12168563', '12425767', '12752841', '12773869', '12937331', '12937334', '14722336', '15717336', '16325738', '17385981', '1792116', '18297476', '24317497', '25967983', '33417236', '3721233', '6610841', '6668417', '7991117', '8557205', '8563534', '8886875', '9339271']"
NCT01434667,"['20679636', '21696382', '28012682', '29203084']"
NCT01436188,['27206648']
NCT01447719,['22749065']
NCT01450891,['22883691']
NCT01453569,['32928279']
NCT01454115,['22381714']
NCT01469351,"['12925848', '17544131', '19519314', '19573562', '23158895', '27252647', '27871675']"
NCT01476228,"['20402743', '21554495']"
NCT01479855,"['12634793', '15359361', '18948945', '21360156']"
NCT01481558,['24262299']
NCT01481961,['22037125']
NCT01496170,['27807285']
NCT01498263,['35925717']
NCT01504854,"['20061622', '21261655', '21688389', '21698226', '22055504', '28086917', '33426901']"
NCT01504958,"['21246222', '32733232']"
NCT01513967,['31250992']
NCT01527916,['27756421']
NCT01548287,['33189083']
NCT01549834,['26967214']
NCT01554202,"['20226489', '20331499', '20600996', '21382329']"
NCT01560585,['19903021']
NCT01561053,['35867135']
NCT01565291,['20501908']
NCT01571427,"['25539637', '26027814', '26203461', '29067328', '31112605']"
NCT01584440,['26393847']
NCT01608061,"['26684775', '27567810']"
NCT01608217,['34532852']
NCT01617577,['19500657']
NCT01638949,"['27683850', '31286994']"
NCT01640275,"['27079717', '29181002']"
NCT01661894,['24260218']
NCT01676935,['27756421']
NCT01677572,['27582220']
NCT01677754,['28550255']
NCT01681602,"['28615271', '30319397', '33246408', '35249488']"
NCT01687153,"['17476317', '19636049', '20083042', '20451868']"
NCT01689246,['27863809']
NCT01690195,['26967214']
NCT01696019,['22451320']
NCT01696591,['29854930']
NCT01699503,"['12779304', '18232061', '21438862', '22690979', '24903469', '31792940']"
NCT01700556,"['23714287', '25874654', '33417236']"
NCT01703117,['34145880']
NCT01707719,"['11725816', '12446204', '12629261', '15096699', '15718044', '15975074', '17721818', '18780972', '19376275', '21416253', '21593563', '21687734', '3953862', '9165306', '9222750', '9379709', '9640351']"
NCT01708304,['30304477']
NCT01712074,['29622037']
NCT01716637,"['10090832', '10477620', '10574627', '10613412', '10617994', '10801904', '11025134', '11123379', '11606625', '11754997', '12230117', '12476347', '12676044', '12909295', '12933918', '15590663', '15639313', '15895461', '16151530', '16905216', '16926764', '17030655', '18032006', '18186919', '18212586', '18220520', '18410522', '18644112', '18679537', '19027875', '19075654', '7396427', '8604658', '9437186', None]"
NCT01739348,"['27807285', '29719179', '31387606', '33252075', '33253354', '35384522', '35794343']"
NCT01741194,['32310169']
NCT01760005,"['22672770', '22784036', '24016464', '24928124', '26203303', '27157073', '27583651', '28703214', '29250611', '29761523', '30217935']"
NCT01767311,['33865446']
NCT01767909,"['17942819', '20837822', '21911655', '32568367', '34101779', '9443474']"
NCT01772095,"['10960883', '12670060', '14715043', '14974068', '16437430', '16599649', '17664405', '18257603', '21069636', '22449664', '22541366', '22573283', '22681723', '22742585', '23061314']"
NCT01773915,['19056867']
NCT01775696,"['26151923', '26256787', '26984188']"
NCT01782742,['26822146']
NCT01795339,['29199322']
NCT01796314,"['25478028', '34511121']"
NCT01811381,"['11606625', '11755008', '15590663', '15766532', '15917461', '17472706', '18417733', '19605645', '20065133', '20092313', '20437209', '20808142', '20818789', '26878034']"
NCT01819545,"['25742200', '27242521']"
NCT01822951,"['11129744', '11552768', '12111446', '16420392', '20500802', '8159781', None]"
NCT01823666,['26172064']
NCT01832350,"['10085207', '16387982', '1748077', '20376475', '20839238', '573397', '7608711', '911237']"
NCT01843075,"['27871675', '30944040']"
NCT01847586,['33190659']
NCT01850238,"['25478017', '27955995', '30355322']"
NCT01852110,['29955661']
NCT01859767,"['11387493', '9855500', None]"
NCT01860625,['26014587']
NCT01862640,['31708380']
NCT01864655,['25874001']
NCT01867346,"['14589733', '6533397', '8725897']"
NCT01867775,['33189083']
NCT01876459,"['32993772', '33300151']"
NCT01876823,"['10190820', '10690971', '11148233', '11255443', '12177369', '12405546', '12571820', '12672860', '12756140', '12860770', '15313849', '15326237', '15829527', '16273995', '16390905', '16625572', '16651510', '16720794', '16861375', '16894105', '17117395', '17136705', '17242334', '17509485', '17588275', '18088076', '18288936', '18300306', '18322263', '18334761', '18580597', '18651723', '18723162', '19176895', '19204022', '19528519', '19903364', '19916207', '20164594', '20553766', '21199965', '22566581', '22689908', '22934752', '26559790', '7724692', '8105707', '8629893', '9862549']"
NCT01893398,"['11982487', '16777648']"
NCT01900665,['29365294']
NCT01901263,['25398578']
NCT01921972,['29854939']
NCT01922258,['31708380']
NCT01924858,['27402093']
NCT01926249,"['28851447', '35854388']"
NCT01926691,"['22044517', '25677599', '27035632', '28801477']"
NCT01931566,['34146512']
NCT01951118,['32333591']
NCT01953601,"['27807285', '30970186', '33049114', '35384522']"
NCT01953705,"['24379780', '29188863', '30120040', '30702894', '30934894', '31011621', '31921969']"
NCT01954550,"['25304364', '28039287', '33780529', '34690736']"
NCT01955161,"['29318278', '30474567', '31193334']"
NCT01958437,"['25647757', '34602464']"
NCT01962779,['26951396']
NCT01966666,['31710340']
NCT01970150,"['17101829', '18768349', '19049544', '19268969']"
NCT01978548,['30134967']
NCT01982578,['36329553']
NCT01992380,['29284675']
NCT01993836,['35104057']
NCT01998841,"['30745123', '34252876']"
NCT02000583,"['29070566', '33444359', '33509035', '34646853']"
NCT02002819,"['11040887', '17478722', '18786655', '21861988', '22541439', '22578498', '22869752', '23835471', '33973646', '34570177', '3780608', '6496779', '7991117', '8232972', '9236949', '9236950']"
NCT02006641,"['29318278', '30474567', '31193334']"
NCT02006654,"['29318278', '30474567', '31193334']"
NCT02013518,['21986341']
NCT02016560,['33587110']
NCT02017340,"['10497605', '10500855', '10513835', '10853875', '11253156', '12137606', '12374512', '12501022', '12815136', '1405041', '15582745', '16399208', '16449521', '16533956', '16921004', '18033677', '2187540', '2771064', '30248105', '31088188', '31203725', '31542965', '32210906', '32228468', '326161', '3558716', '6196557', '6610841', '6635122', '7595910', '7711361', '7898101', '8232972', '9447431', '9802273']"
NCT02020356,"['15791352', '15920712', '2715584', '8433315']"
NCT02021682,"['21148344', '23761040']"
NCT02022943,['32920626']
NCT02031198,"['27955995', '30355322']"
NCT02035553,"['29452684', '34918337']"
NCT02035982,['26482056']
NCT02051244,"['17543991', '20609426', '21454010']"
NCT02051608,['31831056']
NCT02052947,['30428832']
NCT02054208,['34521461']
NCT02055092,['31106576']
NCT02061878,['29067298']
NCT02062099,"['22172392', '22252372', '22986776', '23152610', '23300829']"
NCT02063269,"['10206226', '10791868', '11086186', '11725818', '12139368', '12163621', '12668920', '15834019', '15867110', '16083515', '17047484', '17704812', '20451870', '21699607', '63862']"
NCT02079909,['31282954']
NCT02089555,['29096697']
NCT02103673,"['32110025', '33881530']"
NCT02103894,"['23478462', '6610841', '8710059']"
NCT02108769,"['18175648', '20948894', '23190582', '25873979', '27538513']"
NCT02114372,['34168021']
NCT02120664,['25443857']
NCT02129348,"['11607946', '15764867', '15845755', '16234500', '16505124', '17401045', '17471598', '18181229', '18981345', '19573486', '19889130', '20483164', '20531359', '20923621', '21321394', '21525519', '21810649', '22020353', '22265699', '22674617', '23075176', '29859917', '34059401', '9812111', None]"
NCT02129452,"['17140156', '1759558', '17616482', '20437581', '22926857', '23192985', '7073597']"
NCT02134041,['20447562']
NCT02141971,"['17910085', '20532168', '20603484', '22801501', '26441570']"
NCT02162251,[None]
NCT02162264,[None]
NCT02167256,['31329216']
NCT02172612,['28535785']
NCT02190084,['32925060']
NCT02196545,['25884637']
NCT02198586,"['28341686', '32791423']"
NCT02205424,"['32772680', '34744989', '35482768']"
NCT02213458,"['31566651', '36331050', '37721734']"
NCT02220738,['30052328']
NCT02221622,['33344752']
NCT02222181,"['12975222', '19021302', '3349924']"
NCT02224326,"['28864837', '29362991', '29472145']"
NCT02240693,['30755255']
NCT02245737,"['27767991', '31764959', '33049114']"
NCT02253732,['29312123']
NCT02256306,['30383097']
NCT02260674,['32410694']
NCT02262975,['33827446']
NCT02265757,"['29180344', '31099860', '35415779']"
NCT02273895,"['17765604', '20153691']"
NCT02290912,['27485822']
NCT02292238,['33074237']
NCT02293915,['33475022']
NCT02303158,"['22815126', '23209065', '23395197', '23567400', '23574921', '23637108', '23791538', '24374487', '24849862']"
NCT02305836,['28673322']
NCT02317523,['30669980']
NCT02330510,"['33527307', '35088930']"
NCT02337907,['30755255']
NCT02346201,"['29347996', '34570180']"
NCT02349191,"['10086501', '12480786', '15273542', '17767812', '18035264', '9162863']"
NCT02350127,"['25022459', '25671576']"
NCT02351388,['28629447']
NCT02351882,"['30753761', '31182351', '31322567', '31338476', '31547752', '34532852']"
NCT02353598,"['31969177', '32568196']"
NCT02353884,"['30618593', '32716355']"
NCT02356055,['29071307']
NCT02359552,"['1202204', '6496779', '9153155', '9236950']"
NCT02360527,['28951388']
NCT02360657,['30134967']
NCT02365051,"['27394383', '33367114', '35047708', '35581164']"
NCT02370524,"['1202204', '27908967', '3496763', '9339696']"
NCT02377206,"['17215578', '19043645', '21911694', '22972646']"
NCT02380573,"['10952480', '15466319', '15954139', '20463863', '22067440', '23056355', '23357077', '23481166', '24278191', '24479842', '25018057', '25203249', '25218555', '3091097', '4875885']"
NCT02380703,['33530695']
NCT02384993,"['15858047', '18317242', '18801961', '19328433', '20065132', '21282661', '21775213', '22133718', '31970062', None]"
NCT02389413,['30309389']
NCT02403752,"['15090558', '18794715', '20220582', '20838046', '22517441', '23507120', '23550670', '25022459', '25671576', '3959992', '8004981', None]"
NCT02406027,['32410694']
NCT02414282,['28394771']
NCT02414347,"['27989773', '28077397', '28756238', '29171997', '29438042', '29780869', '29805967', '29959265', '30068637']"
NCT02420756,"['10784461', '11342678', '14728626', '16676286', '17194818', '18194228', '19568149', '20124256', '21391939', '21514249', '21514250', '22235087', '22235092', '22437338', '23151595', '23341826', '23510826', '23550670', '23753186', '24711331', '25320002', '30938796', '8708288', None]"
NCT02423122,['33974419']
NCT02423200,['33974419']
NCT02453763,"['23087654', '23435264', '23737862', '25177279']"
NCT02462291,"['15359562', '18276956', '19366885', '19531775', '19893184', '19893188', '20150654', '20209421', '21852281', '22707959', '22984089', '23207487', '24128125', '24219216', '3942940']"
NCT02471833,['29254080']
NCT02472899,"['10408445', '11274343', '12765607', '12847155', '12897209', '16549802', '16914866']"
NCT02474251,"['1566067', '19779148', '21670398', '24136970', '24910393']"
NCT02477800,['34807243']
NCT02484547,['34807243']
NCT02485730,"['30902090', '32737076', '33597012', '34315519', '34556565', '35918160']"
NCT02492529,['34837869']
NCT02501876,['23271318']
NCT02503501,['33719017']
NCT02516046,"['22101365', '22265587', '32338734', '32542468']"
NCT02518412,['27005937']
NCT02521558,"['12948999', '15084794', '15623698', '16836595', '16954689', '17317481', '19326826', '19326829', '20069533', '24990031', '25601831', '36094804']"
NCT02530255,"['10959037', '12493553', '22343730', '25564872', '25896211']"
NCT02531360,"['23359374', '8710059', '9855500']"
NCT02550665,"['31039806', '34518459']"
NCT02551809,['29067332']
NCT02560753,"['26836193', '27525190']"
NCT02562989,['29880509']
NCT02563483,['23690846']
NCT02564692,['30772251']
NCT02569398,['33464300']
NCT02573740,['30052328']
NCT02579252,"['25478017', '25478018', '27955995']"
NCT02580305,"['35662833', '35908254', '36168659']"
NCT02585232,"['12604748', '21242317', '23869899', '24764496']"
NCT02612688,"['30134976', '30852167', '31357993', '31779684', '32628258', '35392827']"
NCT02615002,['35542997']
NCT02621606,['35020407']
NCT02626377,['27881145']
NCT02626572,['31297437']
NCT02638519,"['21813210', '29882765', '32854196', '34254356', '34272774', '35253919', '8028666']"
NCT02640092,"['31834365', '34852837']"
NCT02654574,['32169093']
NCT02656498,"['31834916', '35184428']"
NCT02670083,['36121669']
NCT02681172,['29107051']
NCT02681822,"['21543606', '8346443']"
NCT02685787,"['10605972', '12752841', '15126224', '16019288', '17101889', '18606052', '18978250', '20922346', '21205379', '22303473', '24618967', '3337862', '7991117', '9561983']"
NCT02685969,"['30902090', '33597012']"
NCT02686216,['28336780']
NCT02690896,['17169938']
NCT02694445,['28122529']
NCT02697721,['31866419']
NCT02708186,['33714847']
NCT02719938,['30342242']
NCT02727699,['28012176']
NCT02742597,"['11032203', '12578436', '15725981', '16571199', '16895814', '17027221', '17893379', '20346624', '22333434', '22985277', '28487349', None]"
NCT02746484,"['21514249', '27887597']"
NCT02750306,"['31944580', '33189083']"
NCT02756858,['32318621']
NCT02769234,['27239520']
NCT02772185,"['30450044', '33883015']"
NCT02778581,"['14653768', '15129302', '15543423', '17435956', '20150735', '22332096', '22792378', '22932777', None]"
NCT02778971,"['10190820', '10735393', '11788052', '12801237', '15545326', '15837727', '15944649', '16273025', '16286908', '16487944', '16493230', '16894106', '17182990', '17420404', '17716075', '18500688', '19372469', '19475670', '19587325', '19617318', '20083042', '20147655', '20472326', '20687209', '21532539', '21747004', '21747008', '22162065', '22301718', '22878921', '22959699', '23053137', '23178035', '23398333', '23642577', '23740104', '23817438', '24085503', '24179789', '24179803', '24296542', '2474201', '24755237', '25622185', '25629787', '26044876', '4055928', '6822610', '7504355', '9330992', None]"
NCT02781220,"['10190820', '10735393', '11788052', '12801237', '15545326', '15837727', '15944649', '16273025', '16286908', '16487944', '16493230', '16894106', '17182990', '17420404', '17716075', '18500688', '19372469', '19475670', '19587325', '19617318', '20083042', '20147655', '20472326', '20687209', '21532539', '21747004', '21747008', '22162065', '22301718', '22878921', '22959699', '23053137', '23178035', '23398333', '23642577', '23740104', '23817438', '24085503', '24179789', '24179803', '24296542', '2474201', '24755237', '25622185', '25629787', '26044876', '4055928', '6822610', '7504355', '9330992', None]"
NCT02783573,"['27767991', '31764959']"
NCT02787746,['31985467']
NCT02789800,"['11032203', '12578436', '15725981', '16571199', '16895814', '17027221', '17893379', '20346624', '22333434', '22985277', '28487349', '34561255', None]"
NCT02792257,"['33660625', '34532852', '34629131']"
NCT02795052,"['21417782', '21958920', '22573626', '22963567', '23135822', '23456256', '24693196', '25206912', '26296458', None]"
NCT02802371,['28007635']
NCT02804789,"['30782589', '31907067']"
NCT02813070,['28181118']
NCT02814045,"['32554539', '33969423']"
NCT02817074,"['25681666', '26086182', '33434704', '33835152', '34113981']"
NCT02831283,['33646153']
NCT02832921,"['10220454', '10521353', '15766532', '16820420', '19126846', '19934445', '21510896', '21681818', '22380508', '22460326', '22473855', '23079557', '23477989', '23687103', '24417410', '25024328', '25150735', '26311488', '26753062']"
NCT02835716,"['18317253', '20068258', '20219963', '20634590', '20847435', '21718788', '22531427', '22961121', '23098093', '23173065', '23178247', '23348495', '23425171', '23752908', '24040166', '24392696', '24565007', '25159073', '25291458', '25371167', '25499536', '26478889', '26810768', '26940242', '27199739', '27293026']"
NCT02836054,"['10357029', '11725216', '12547295', '15548477', '15992392', '16327349', '17412663', '17573121', '17698783', '18071141', '19067364', '19267694', '19270764', '19273758', '19519311', '19719786', '20049742', '20220586', '20516693', '20625167', '21394788', '21563239', '7639073', None]"
NCT02839187,"['23731789', '24435769', '24573658']"
NCT02840045,['27131744']
NCT02840279,['29367186']
NCT02843529,"['20634590', '20847435', '23098093', '24040166', '24656838', '25291458', '25416111', '25499536', '25658491', '25954193', '26007727', '26478889', '26539070', '26736513', '26810768', '26940242', '27239530', '32832589']"
NCT02843906,"['10357029', '11725216', '12547295', '15548477', '15804920', '15992392', '16327349', '17028562', '17573121', '17698783', '18071141', '18691766', '19067364', '19267694', '19270764', '19273758', '19519311', '19719786', '20049742', '20220586', '20516693', '20625167', '21349439', '21394788', '21447111', '21563239', '7639073', '8346443', '8350998']"
NCT02846415,"['18612999', '19248407', '22336813', '25125421', '9310094', None]"
NCT02849639,"['31888732', '36281668']"
NCT02854033,"['33773598', '34187867']"
NCT02860338,"['21131671', '24815733', None]"
NCT02873546,['26212200']
NCT02907567,['33559354']
NCT02908815,"['33416500', '34383681']"
NCT02913664,"['30826452', '31710528', '32716358', '35636733']"
NCT02915939,"['32293314', '32990494', '34929196', '34973167']"
NCT02941289,"['34124920', '35797174']"
NCT02947893,['27434297']
NCT02951598,['31561360']
NCT02956486,['35897078']
NCT02958930,"['20061638', '21514369', '22558216', '22810103', '27258417', '35585867', None]"
NCT02968875,['31921371']
NCT02984540,['35720727']
NCT02986932,['34815790']
NCT02987842,"['10209231', '10924766', '12557455', '17366280', '20370868', '20384819', '20850552', '21788526', '22002790', '24605806']"
NCT03008161,"['24768993', '28093972', '29067301']"
NCT03011723,[None]
NCT03020381,"['23057459', '23196981', '25182601', '26984391', '28482102', '28505243', '29049479', '29318592', '29608780', '29653157', '29767690', '30317237', '30380013', '30698285', '31421507', '33420785', '33590967', '37166343', '37347412']"
NCT03030365,"['14663030', '16120771', '17785667', '19162077', '19912333', '21514249', '21514250', '26283353', '26494756', '7140264']"
NCT03033875,"['28460557', '29399825', '33640979']"
NCT03034746,"['20209421', '21852281', '22984089', '24219216', '27347878', '27540967', '27802234', '29376858', '30744116']"
NCT03035851,['34127029']
NCT03038035,['34856171']
NCT03046121,['30223870']
NCT03053908,['35550158']
NCT03056495,['34389161']
NCT03061474,"['18987186', '23273573']"
NCT03069014,['34334250']
NCT03069391,"['30200183', '30233154']"
NCT03073876,['29635383']
NCT03075241,['34635802']
NCT03076671,"['34006157', '34489348']"
NCT03080051,['8710059']
NCT03082755,['32966585']
NCT03095417,['29580264']
NCT03108846,['31587995']
NCT03113812,['29378651']
NCT03114657,['36121669']
NCT03115814,['30323149']
NCT03116126,['35915506']
NCT03119259,['33431027']
NCT03119961,"['12130773', '14991808', '1566067', '16710088', '16877359', '17616482', '18215617', '19273758', '20485502', '21245183', '21514250', '22683529', '22784036', '23053137', '23234879', '23305823', '23707300', '23790118', '24450890', '24450891', '24721526', '24833492', '24849862', '24867782', '25794638', '25988463', '26566207', '26645405', '27285538', '27306666', '34815790', '35260178', '6610841']"
NCT03121066,['30185210']
NCT03136679,"['15817019', '18854539', '7069156']"
NCT03138018,['31594904']
NCT03172117,['34521461']
NCT03174938,['34937781']
NCT03179501,"['23380586', '24528486', '25192333', '25884010']"
NCT03184467,['33771205']
NCT03217396,['33562569']
NCT03218982,"['11574710', '12021425', '12028884', '12218768', '12937330', '15446721', '16250744', '18483443', '19363018', '2594878', '26617956', '6668417', '8628042']"
NCT03233646,['35723922']
NCT03244917,"['31615540', '32258819', '34251396']"
NCT03249688,"['17616482', '23985420', '25771249', '27767993']"
NCT03250741,"['22863599', '24859851', '25309431', '32667654']"
NCT03277573,"['17522320', '18640458', '19536424', '20009055', '20009062', '24360540', '24450890', '24450891', '26390242']"
NCT03282097,['30541634']
NCT03282916,['32034019']
NCT03289143,['35696185']
NCT03289377,"['12433261', '14559955', '15860472', '17578574', '18591579', '20126958', '20808108', '22952073', '9343469']"
NCT03290274,['35431895']
NCT03290326,['34930421']
NCT03297177,"['12401395', '17898010', '18344392', '18819991', '22725961', '23487540', '25733984', '2841426', '9008506']"
NCT03297268,"['10710850', '11001602', '11574710', '11773226', '14258950', '1504288', '15450057', '17317443', '17607801', '17679641', '19093929', '20454554', '21997604', '22815084', '23271900', '23290198', '23299497', '23550670', '23598807', '24507463', '25311499', '26438738', '2715584', '2748771', '27570871', '3337862', '3531296', '3611032', '3950011', '8232972', None]"
NCT03298672,['35180125']
NCT03300180,['32075686']
NCT03305809,['33029934']
NCT03313518,['30940012']
NCT03319810,['26420886']
NCT03325205,['34366347']
NCT03333837,"['10952371', '11584038', '12021425', '12736881', '12815136', '12919232', '12957560', '14654213', '1583937', '15863111', '1593914', '15939974', '16481639', '16714067', '16913992', '17084123', '17090975', '17167156', '17237140', '17463188', '17981468', '18000144', '18068829', '18187399', '18525292', '18690489', '18838181', '19030120', '19169120', '19474567', '19532110', '19946386', '20538217', '20581339', '20697049', '20725636', '21192239', '21745370', '21790484', '21928900', '21959675', '21960971', '22133914', '22149759', '22286846', '22466001', '22486550', '22689734', '22955042', '22976811', '22987797', '23011219', '23045648', '23215827', '23276432', '23447455', '23507120', '23690846', '23769598', '23807731', '24051140', '24125507', '24149433', '24170673', '24201821', '24337327', '24491520', '25031288', '25184785', '25223491', '25268548', '25387334', '25420192', '25452229', '25456888', '26385944', '26456371', '26534784', '26643548', '26909213', '26925029', '27160164', '35098120', '7183759', '7203086', '8126355', '8126356', '8379800', '8552278', '9153155', None]"
NCT03347084,"['11323773', '15070770', '15748841', '16805925', '16855529', '17141550', '18403396', '18976716', '20026191', '20672917', '20687206', '21354315', '21646303', '21777872', '21919988', '22566505', '22574875', '22722036', '22826807', '23168448', '23246738', '23363512', '23663228', '24060532', '24112904', '25222068', '25761889', '25825222', '25873429', '3337862', '7069156', '7991117', '9343469', None]"
NCT03357328,"['32231600', '34001024', '34320937']"
NCT03367403,"['33720637', '36094645', '36251300']"
NCT03370744,"['31159873', '31350244', '32716355', '33827675', '34291850', '35164860', '35387811']"
NCT03371420,['34344873']
NCT03373604,['33646153']
NCT03378453,"['11683899', '1480747', '16799555', '16837102', '17325273', '19779148', '21148344', '22207004', '22575905', '23273723', '24136970', '24199995', '24966833', '25322206', '25422493', '30387527', '9154571']"
NCT03384043,['24609454']
NCT03387267,"['1595983', '16109909', '16623312', '17024550', '20713754', '21213454', '23412377', '24026520', '25581840', '25850008']"
NCT03397667,['32306982']
NCT03402659,"['33974419', '34044875']"
NCT03403257,"['31771059', '33963535', '34096422', '34291678', '35068465', '35574862', '35691843', '35959679']"
NCT03405662,"['21116053', '22029866', '23603448', '24387311', '28593105']"
NCT03412604,['34930421']
NCT03422250,"['27661207', '34942516']"
NCT03435705,"['27983551', '30727947']"
NCT03435861,['33974419']
NCT03444181,['35771851']
NCT03447613,"['23165340', '24011928', '3736630']"
NCT03448601,"['16571711', '18003939']"
NCT03461276,['29378651']
NCT03461861,"['12068009', '14688411', '15236399', '17785178', '19357304', '19833321', '20032967', '20980585', '21159973', '21423560', '22578498', '22869752', '23416036', '23835471', '24905971']"
NCT03466736,"['32883179', '35477163']"
NCT03475316,['32741240']
NCT03489044,"['33973646', '34332638']"
NCT03503669,['35275541']
NCT03507192,['34296549']
NCT03507257,"['10563634', '11673590', '11889238', '1202204', '15608008', '15817019', '15888536', '16401755', '16894123', '17568013', '17596691', '17941342', '18268195', '19013250', '19474427', '19700669', '19901249', '20061618', '20080878', '20479234', '20943911', '21185234', '21345175', '21802369', '21911656', '22265212', '22871906', '23237904', '23283688', '23300939', '23358601', '23411393', '23543794', '24056533', '2522518', '26141491', '26242991', '26260856', '26368321', '26412922', '26485498', '26646114', '27016693', '27844039', '28603768', '28787712', '29355911', '6496779', '7069156', '7183759', '7991117', '8035918', '8232972', '8559362', '8614504', '9008509', '9343467']"
NCT03514875,"['16116114', '21263128', '24224133', '24277765']"
NCT03548883,"['21371747', '22784036', '23688931', '24909964']"
NCT03549078,"['18955724', '22678947', '26391766', '28306147', '29357670', '34412558']"
NCT03554226,['33569568']
NCT03556280,['34630050']
NCT03565809,['29396187']
NCT03584568,['25848237']
NCT03593941,"['10600044', '10854354', '16360788', '16876668', '18088206', '19508720', '22797518', '23305823', '26338727', '26578751']"
NCT03597360,"['12856953', '18648556', '19330149', '20585440', '21371747', '21514247', '24556708', '27103883', '28110218', '28321176', '28441057', '28699353', '28741984', '28742468', '29521814', '3760436', '8274108']"
NCT03613844,['28114437']
NCT03615027,['34666711']
NCT03617497,"['10483925', '10737340', '11186602', '11903463', '19779148', '2005339', '20502017', '20570109', '21214538', '21439869', '22578498', '2264979', '22742854', '22869752', '22956200', '23479184', '23567445', '23814339', '23835471', '24145819', '24366271', '24605889', '24828897', '24887018', '25117208', '25405649', '26301370', '26756385', '27466472', '27474219', '27497924', '27696483', '27885006', '28128769', '28324298', '28327340', '28397967', '28459436', '28777176', '28777178', '28835407', '28899014', '4008448', '8528372']"
NCT03622814,['32587748']
NCT03643003,"['15817019', '16252370', '19018217', '19240137', '19307858', '19586562', '20385824', '21649633', '21713060', '21946802', '21957466', '23237211', '23298693', '23390181', '23465959', '23646227', '23769678', '24009169', '24381565', '24410398', '24740381', '24907820', '24947468', '25237742', '25303405', '25425445', '26441614', '26955265', '27099894', '27870432', '28462986', '5420677', '7706649', '7722560', '8232972']"
NCT03644043,"['10202580', '10439468', '11713618', '11801437', '12212666', '16375655', '1691970', '17293126', '17912065', '18462837', '19939224', '21971462', '24022277', '24551055', '26256251', '27239520', '29213715', '29245058', '3227804', '8549430', None]"
NCT03649724,"['34166841', '35809386', '35922659']"
NCT03650816,"['25331846', '28760945']"
NCT03653156,"['19347838', '19891819', '20880607', '20930266', '21118724', '22123780', '22228824', '22340708', '22398564', '22503900', '22503901', '22922216', '22930700', '23103091', '23172761', '23871765', '23872925', '24418053', '25690662', '26177270', '26256457', '27079712', '27163822', '27345927', '28289381', '28759966', '29433981', '29747584', '30958370', '31235344', '31422798', '31865187', '31914229', '31929167', '31937364', '32776690', '32881347', '33188687', '33271079', '33835157', '36565128', '36696990', '36850008', '37365538', '38381674']"
NCT03653871,"['17169928', '18797217', '21242364', '27583652', None]"
NCT03654911,['30014515']
NCT03656042,"['16007267', '16814750', '17517969', '17563736', '1944558', '19500657', '26283673', '26921134', '27570871']"
NCT03656107,['31122994']
NCT03657732,"['15851849', '16916581', '18445230', '21929538', '26256457', '26402764', '27079718', '27838006', '28269784', '29614663', '29614686', '30958370', '31235249', '31235344', '31914229', '31937364', '32881347', '36850008', '37365538']"
NCT03657745,"['27929004', '29493598', '30879788']"
NCT03665831,['33153503']
NCT03665909,"['29504488', '29982413', '33377980', '34922475']"
NCT03667924,['34036120']
NCT03670615,['34863115']
NCT03671889,"['33399511', '34815790']"
NCT03672201,['35147535']
NCT03676881,"['11843075', '12370459', '15316183', '17679641', '18631990', '19012868', '20937262', '21159408', '21775732', '22404851', '24551475', '24565814', '25602241', '25858683', '27270233', '27677232', '27822143', '7069156', None]"
NCT03682081,"['11078092', '11490146', '11733879', '11956835', '12325056', '12525795', '12778091', '12974516', '15817019', '15962847', '16137276', '16204405', '16269630', '16473978', '17178098', '17270511', '17314263', '17587295', '17680369', '17824884', '18194332', '18230864', '18378947', '18694703', '18705703', '18722090', '18855050', '19170740', '19263106', '20308785', '21243241', '21300744', '21910155', '22040224', '22608838', '22934613', '23089830', '2313044', '23202438', '23386579', '2342214', '23449951', '23460344', '23538648', '23638935', '24091287', '24166190', '24329892', '24444532', '24495787', '24513225', '2483945', '25080517', '25226112', '25267987', '25342272', '25878493', '26321499', '26432521', '26456531', '26551089', '26804715', '26924307', '26936446', '27184278', '27418577', '27686421', '27820842', '27821563', '28187125', '28444487', '28531569', '28552702', '28813696', '28879557', '29095480', '29095482', '29484354', '7677595', '7706631', '7986487', '8215087', '8557208', '8721066', '9294942', '9447441', '9513300', None]"
NCT03682185,"['18370580', '20921879', '24378361', '27339865', '27986794', '29161539', '29361067', '33853394', '34344312']"
NCT03683394,"['12433261', '15324367', '16075674', '16978493', '17397440', '17846273', '18752852', '19543809', '20186856', '21031168', '21255746', '21514248', '21775213', '22551732', '23332672', '23596063', '23871492', '24283198', '24450891', '24521259', '25024750', '25030513', '25054282', '25116574', '25681666', '25706191', '25771249', '25826620', '26086182', '26446832', '26931288', '27474376', '2748771', '27893041', '28359749', '28497805', '29055814', '29255907', '29282327', '29318278', '29365294', '7722560', '8054493', '8126356', None]"
NCT03687112,['35538502']
NCT03687710,['30446421']
NCT03688126,['25771249']
NCT03690193,['30931426']
NCT03702816,"['16953112', '18786637', '18828015', '20844871', '22008728', '24303218', '24516258', '24667911', '25351507', '25833819', '26551697', '26609163', '27179961', '27261523', '2891401']"
NCT03706885,"['10377398', '10681402', '10787445', '11698143', '12454275', '12686551', '14640697', '15234274', '15254070', '15260976', '16505352', '18241055', '18453684', '18621681', '18685105', '19161969', '19317426', '19489738', '19654569', '20133765', '20667828', '20881306', '22859721', '22922254', '23041502', '23288837', '23604141', '23874659', '24174662', '24352658', '26196596', '26203180', '28655608', '36581878', '7104545', '7778789', '7991117', '8232972', '8790411']"
NCT03710642,"['10494443', '17069768', '23846759', '3399726', '7654129', '8988954']"
NCT03724136,"['19324456', '26793049', '28494803', '28584692', '28805182', '29185257', '29405603', None]"
NCT03732053,['34951386']
NCT03739905,"['33693781', '34815790']"
NCT03741543,"['10109801', '19326828', '33064358', '3337862', '39070007', '5349366', '7991117', None]"
NCT03748706,"['22815492', '28438486', '32920628']"
NCT03757325,['35649245']
NCT03770182,"['11559958', '13688369', '16009893', '18599956', '18631955', '20220577', '20505431', '20682088', '20796301', '23676340', '24308705', '26543567', '3249766', '5349366', '6496779', '9153155', None]"
NCT03773016,"['1202204', '15817019', '16136845', '16439826', '17612800', '18602707', '23923689', '24339088', '24339097', '26346644', '26675353', '26897552', '28446258', None]"
NCT03778151,"['27255833', '29277405']"
NCT03790774,['35754975']
NCT03794141,['33188400']
NCT03799991,['35918757']
NCT03810794,"['35899271', '35986297']"
NCT03811847,['33308285']
NCT03816228,"['11735772', '15956166', '23627757']"
NCT03821844,"['34620193', '35033176', '35038407']"
NCT03828383,"['28395276', '28655841', '29216633', '29289452']"
NCT03834402,"['15995827', '21514249', '25740785']"
NCT03838185,"['22194796', '23673233', '26564964', '27149904', '29316249']"
NCT03847038,['34635169']
NCT03848312,['36341846']
NCT03860857,"['31748377', '32875052', '34604910', '36302636', '37035460']"
NCT03876314,"['32503473', '34217888']"
NCT03896698,"['25558041', '25873429', '26517350', '27252349', '27399328', '28939348', '29138458', '29383687', '29615782', '30873554']"
NCT03900273,"['27239497', '33933666']"
NCT03901105,['33587110']
NCT03901261,"['10331678', '14044222', '15312062', '16961706', '17470960', '19679070', '20807454', '25511894', '27858714', '28289920', '28664561', '29159043', '29226868', '2971602', '5349366']"
NCT03901456,"['12028884', '2276631', None]"
NCT03907748,['31748300']
NCT03923517,"['27572272', '29130870']"
NCT03927040,"['20061638', '21514369', '22558216', '22810103', '27258417', None]"
NCT03938870,['16799555']
NCT03939286,"['11261512', '18261714', '20016963', '21060012', '22028219', '22445334', '22445347', '22445348', '25887627', '26402111']"
NCT03941119,"['12386013', '12628899', '12818023', '16849002', '17055544', '19568835', '19585957', '19715461', '22464936', '6143402', None]"
NCT03943264,"['19320056', '22666474', '27552480', '28237313']"
NCT03945968,"['10418594', '12201185', '15616043', '21709059', '22998715', '24979067', '24996034', '26966331', '28498884', '29325567', '30243870', '8696749']"
NCT03959124,"['24798585', '25991080', '27830780', '27929004', '29255885', '30233297']"
NCT03977025,"['17012293', '19622817', '21245183', '21514250', '22495344', '22749065', '26921134', '27188934', '27856911', '27911301', '27981028', '28123067', '28364958', '28882996', '28960209', '29213920', '29305437', '29653606', '29653987', '30051512', None]"
NCT03978052,"['22349682', '23332672', '23732551', '23969234', '24039182', '25681666', '25771249', '25961184', '26086182', '26594639', '26696850', '26852195', '27302362', '27474376', '28088900', '28359749', '28484387', '28735855', '28740740', '28766695', '28899416', '29480182', None]"
NCT03978338,"['16420392', '18048059', '21679156', '25832905', '26493230', '28440854']"
NCT03984396,"['32552857', '32728959', '35343999', '36508725', '36702513', '37632424', '37982982', None]"
NCT03998423,['29051531']
NCT04004702,"['10775535', '10784462', '12053130', '12243634', '12964886', '1417511', '15271114', '1571074', '16195246', '16216946', '1628580', '1634724', '16505306', '16686651', '16959815', '17293007', '17785178', '18071039', '19204149', '19252147', '19667221', '21325651', '21514250', '22410444', '2264979', '22723738', '22869752', '2309945', '23168825', '23685931', '2375689', '23835471', '24259567', '25678559', '27019841', '27696483', '3092131', '3587649', '7826492', '8528372', '8559361', '8634712', '9052708', '9126060', '9605727']"
NCT04004767,"['25706191', '28253478']"
NCT04009629,"['34140586', '35802628']"
NCT04010175,['35725247']
NCT04041895,"['20493496', '22199464', '22298328', '23332818', '26346123', '26484921', '28088191', '34334943', None]"
NCT04042922,"['27929004', '30879788', '31076275']"
NCT04048759,['32642594']
NCT04049643,"['10229449', '27973661', '28269769', '28735855', '29222544', '2926927', '30304320', '9733237']"
NCT04052737,"['24561065', '26022359', '29947531']"
NCT04055376,"['27929004', '30879788', '31076275']"
NCT04063124,"['34687726', '35098970']"
NCT04074837,['33436007']
NCT04079803,['33188449']
NCT04080544,"['11559310', '12370458', '12411259', '16632311', '1759558', '19035823', '21514248', '25143069', '2864910', '8056947', '8234547', '8363449', '9305341', '9330990', '9707301', None]"
NCT04082611,"['10190820', '10391658', '16925881', '18302232', '20094021', '20693631', '21775213', '25030513', '25755034', '26633093', '28714965', '28744111', '29016550', '6610841', '7069156', '9502356']"
NCT04095962,"['33407194', '33663414', '33778911', '34732148']"
NCT04114994,['31534026']
NCT04118764,"['29789530', '31668690', '34815790']"
NCT04121858,"['33606655', '33773639']"
NCT04122001,"['17452012', '17970738', '19164589', '21325651', '21514250', '24486425', '26097278', '30009127', '30258975', '30425638', '31401078']"
NCT04157244,"['20662955', '20810376', '36000763']"
NCT04157712,['29063518']
NCT04165109,"['23102120', '26079411', '26441570', '27025652', '28054745', '28664561', '28946567', '29928657', '30452522', '30503169']"
NCT04179721,"['1856035', '24459188', '25061120', '27662075', '28065176', '30098015', None]"
NCT04205539,"['20626335', '21482364', '21753079', '21849616', '22110467', '22355802', '22771690', '23535147', '24136970', '25142380', '25204284', '25534025', '25879090', '26030850', '26376966', '26611261', '26614753', '26618103', '27363604', '27542303', '28400134', '29195051']"
NCT04206670,"['28395276', '28655841', '29216633', '29289452']"
NCT04213391,"['25196440', '27735126', '29382536', '29530050', '29614663', '29714053']"
NCT04229186,"['22837695', '24360540', '26252902', '29387532', '3496763']"
NCT04239079,"['28636593', '30858851', '31085590', '31430650', '32313102']"
NCT04249869,"['15705012', '17644292', '17716075', '18558456', '19079814', '19409210', '21513513', '22305254', '26075030', '26130933', '26268330', '26770797', '26987699', '27028311', '27459603', '27545975', '27659301', '27771474', '28356117', '28403222', '29276488', None]"
NCT04250376,"['16421508', '18653550', '18794492', '20038776', '20626335', '21482364', '21753079', '21765560', '21849616', '22696378', '22771690', '22933741', '23535147', '23707300', '23927296', '24136970', '24233004', '24629831', '24756323', '25088462', '25142380', '25204284', '25222068', '25534025', '25735418', '25758940', '25761889', '25879090', '25879534', '25971633', '26030850', '26238576', '26330275', '26376966', '26380951', '26517049', '26611261', '26614753', '26618103', '27363604', '27415968', '27542303', '27582220', '28106566']"
NCT04260724,"['17101829', '17565358', '19049544', '20574108', '24844687', '25170153', '29277405', '30140737', '30996057', '4003102']"
NCT04265378,['33160420']
NCT04265482,"['24524645', '25282381', '25287597', '33238908', None]"
NCT04287738,"['28323819', '30497302', '31044411', '31175026', '31282955', '31317539', '31322558', '31566651', '36331050', '37721734']"
NCT04311281,"['15324367', '15804927', '17190940', '17846273', '19390294', '22265587', '22717299', '24605806', '27065855', '27111824', None]"
NCT04337255,"['25681666', '26086182', '31686099']"
NCT04347668,"['3337862', '3760436']"
NCT04353947,"['21977692', '22767079', '23060825', '28063663', '30018584', '30475089']"
NCT04360200,['35002683']
NCT04368572,['36056417']
NCT04381468,"['14534257', '14707103', '1566067', '16247181', '16278236', '16571604', '16741123', '17207662', '17855350', '18246065', '18995817', '20038643', '21458571', '21900936', '22072657', '22173295', '23150908', '25461192', '25662335', '25792098', '26431358', '26446947', '26577523', '26694609', '27033548', '27273432', '27292539', '28642891', '28805002', '29311817', '29782323', None]"
NCT04385225,['32948575']
NCT04388254,"['22815492', '28438486', '32920628']"
NCT04390646,['36048943']
NCT04404153,['34240627']
NCT04413344,['34193504']
NCT04426539,"['10398359', '10784461', '11148235', '11182466', '12437405', '12558712', '12580702', '14728626', '15364690', '15367923', '16286440', '16327355', '16401740', '16839822', '16966511', '17138809', '17146288', '17407994', '17916120', '19643839', '2011243', '21514249', '21514250', '21565811', '22064377', '22156756', '22235087', '22265587', '22353031', '22437338', '22713212', '22720319', '22749065', '22905169', '22959699', '23159715', '23229778', '23359661', '23510826', '23532012', '23647233', '24029870', '24130252', '24609851', '25328845', '25622185', '25752995', '25824567', '25988463', '26141491', '26208959', '26302353', '26798567', '26874595', '26968515', '27287464', '2746686', '28823925', '29188296', '29254408', '29653606', '29889941', '30347188', '30775996', '30938796', '31566651', '9052713', '9222168', '9508150', '9674666', None]"
NCT04427436,['34035103']
NCT04436081,"['11966383', '1202204', '15774233', '17176501', '21192239', '22586419', '25731881', '2715584', '27491532', '29571749', '29955663', '7203086', '7991117']"
NCT04437290,"['29880509', '30064520', '31111397']"
NCT04439097,['32957420']
NCT04449926,"['23661800', '24504177', '24804776', '30696606', '31371569', '31697701', '32033287']"
NCT04452864,['35962371']
NCT04471779,"['10398359', '11148235', '16136847', '16860524', '18197053', '19605829', '22740372', '24170170', '27599209', '27832826', '29149222', '29517767', '8644717', '9508150', None]"
NCT04481568,"['1856035', '24459188', '25061120', '27662075', '28065176', '30098015', None]"
NCT04482179,"['11441210', '1202204', '1603295', '16638796', '17101829', '18951833', '19211893', '19819337', '19833552', '20471808', '20574108', '20688810', '21246222', '21459427', '21671144', '22037125', '22264239', '23002939', '23076723', '23280015', '23841973', '24231140', '25186238', '25697159', '25803596', '25879574', '26160997', '26289045', '26365021', '26539107', '26977125', '27631152', '28167904', '28493371', '28577822', '28779011', '29277405', '30246461', '6635122', '6860932', '7412225', '8487525', None]"
NCT04488419,['21514250']
NCT04491006,['21514250']
NCT04496778,['33469351']
NCT04498650,['34425883']
NCT04500847,['34670118']
NCT04515433,"['19400723', '23785325', '27929004', '30879788', '31076275']"
NCT04516057,['31182351']
NCT04531956,['34135053']
NCT04533815,['33906631']
NCT04536701,['33576064']
NCT04542109,['35402736']
NCT04550975,"['10648298', '12021425', '16136845', '1634695', '28214783', '9153155', '9447431', None]"
NCT04555629,"['10648298', '11536346', '12021425', '16136845', '1634695', '28214783', '9153155', None]"
NCT04559789,['35119374']
NCT04562506,['33679572']
NCT04571502,"['11556941', '1466831', '14692875', '28774215', '29977440', '30036405', '30422754', '31697393', '3337862', '34542347', '7203086', '8628042', None]"
NCT04574921,"['11355381', '22091642', '27929004', '30879788', '31076275', '31836315']"
NCT04575337,"['31235249', '31235344', '31422798', '31494009', '31914229', '35109911', '36003963', '36155508']"
NCT04584138,['31915538']
NCT04585347,['29063518']
NCT04606251,['34971285']
NCT04606420,"['12580703', '12873849', '16094059', '16129088', '17060562', '17486101', '18237581', '18559852', '18596974', '18799354', '1973470', '20232608', '20839293', '21624543', '23380586', '23762488', '24037034', '24051140', '24120430', '24164735', '25030513', '25221976', '25230996', '25482573', '25589730', '25771249', '26349802', '26874911', '27079530', '27461490', '27576169', '30190379', '30568005', '32420298', '7674504', '9334291', '9863851']"
NCT04606953,"['10190820', '10887887', '11938320', '16039661', '19628801', '24291246', '24531497', '27936842', '28577979', '29441037', '30103334', '30126885', '32554350', '3809575']"
NCT04621448,"['25022459', '25671576', '30744387', '37745819']"
NCT04623242,"['22672770', '22784036', '24016464', '24928124', '26203303', '27157073', '27583651', '28703214', '29250611', '29761523', '30217935', '36110925']"
NCT04627662,['34288013']
NCT04628702,"['12581295', '15774233', '15817019', '17167730', '1754629', '19262958', '1991946', '20204383', '27216151', '6668417', '7183759', '7203086', '9060783', None]"
NCT04663854,"['12065209', '14685252', '14730359', '15094052', '20920466', '21337544', '23305823', '23477989', '24236985', '25984581', '28166771', '9686307', None]"
NCT04669028,['34251287']
NCT04685590,"['34366147', '34687726']"
NCT04696315,['35431240']
NCT04701177,"['32832589', '34168269']"
NCT04733989,"['18625866', '2106207', '24179789', '24503555', '27274215', '27668883', '28342697', '28752420', '29091778', '29096697', '29653606', '30615028', '31956523', None]"
NCT04748666,"['11556941', '11773226', '15750049', '15820844', '16480801', '18452743', '19229946', '19361781', '20635281', '23341829', '24911421', '25615434', '26394294', '26882031', '27986469', '29233480', '30041535', '30868641', '30885800', '31971433', '33543049', '8329970', None]"
NCT04759092,['35852094']
NCT04760171,"['24854788', '30879893', '31683043', '32929282']"
NCT04783350,"['24345389', '28709880', '30720478', '30902640', '31739167', '32240665']"
NCT04785053,"['24345389', '25797650', '28709880', '30902640', '31277878', '32265551']"
NCT04785300,['34366147']
NCT04800588,"['20680884', '21957866', '23947782', '24175464', '25859198', '25954175', '26042021', '26060999', '26357906', '26617505', '26635569', '26779001', '27138985', '27936001', '28127280', '29677192']"
NCT04809545,"['31817300', None]"
NCT04828434,"['12021425', '16136845', '6496779', None]"
NCT04838301,"['16842093', '23438839', '33344752', '35310526']"
NCT04840173,"['11001602', '12040306', '17997624', '24009169', '24175165', '26519453', '7203086']"
NCT04842955,"['19400723', '23785325', '27929004', '30879788', '31076275', '35607946']"
NCT04850053,['35109911']
NCT04851691,"['12202343', '15914734', '17035647', '21954480', '22949639', '24282310', '25133360', '25271601', '25373832', '27133416', '27159011', '28459906', '28583965', '28631001', '29331955', '30073273', '30653247', '32808997', None]"
NCT04856072,"['18232017', '20687206', '27567810']"
NCT04857060,['35879001']
NCT04863495,['34654375']
NCT04865172,['34360133']
NCT04866979,"['12887040', '15078569', '15165553', '16009779', '16273404', '16287724', '16452642', '17188568', '18566003', '19520986', '19833552', '20574108', '21246222', '21346213', '21462081', '21488986', '21671144', '22114748', '22170878', '22395804', '22831781', '23076723', '24506061', '25034472', '25541459', '25797650', '26064066', '26275346', '26365021', '27823981', '27977758', '29277405', '29326021', '33243615']"
NCT04902703,['33778150']
NCT04912245,"['17302654', '17341248', '20649688', '21143437', '21402461', '21539524', '23350921', '24598477', '24651708', '25623923', '25693770', '25794367', '26636049', '26899931', '28183323', '28851459', '28865870', '28904005', '29153752', '29206564', '29504666', '29621480', '29795605', '29933758', '30404576', '30633674', '30833812', '30855636', '30908605', '31212289', '31612463', '31801829', '31854201', '32359075', '32374440', '32390616', '32568192', '32568197', '32589276', '32651326', '32706650', '33427851', '9040301', None]"
NCT04913818,"['11056778', '11536346', '12100873', '18515696', '19516148', '23883489', '25125421', '25161263', '25414947', '25488014', '27099480', '28798651', '29128685', '30266522']"
NCT04924361,"['23732531', '24234358', '29653606', '30707185']"
NCT04938648,"['12810899', '15266038', '16091574', '23305822', '24259639', '26502320', '27570871', '32552857', None]"
NCT04939818,['35667724']
NCT04948450,"['22735077', '23305823', '23332672', '27583652', '28405256', '29255847', '30497964', '31462907', '31814244', '9236948']"
NCT04949529,['34526343']
NCT04972643,"['12020872', '16360788', '19595937', '20547888', '21775213', None]"
NCT04977245,"['12883106', '17548782', '26992885', '27087765', '27835764', '30100929', '31031678']"
NCT05002699,"['21514249', '21514250', '23753186', '30316776', '32617385', None]"
NCT05006599,"['10078556', '11306609', '11556941', '11735772', '11992114', '12547019', '12951650', '1400644', '14980532', '15262337', '15288712', '15501490', '15590928', '15964100', '16216936', '16340083', '16399806', '16591462', '16717171', '17692997', '17848936', '17855343', '17942819', '18230654', '18359102', '18430999', '18549783', '19015157', '19026743', '19188609', '20837822', '20847404', '20921876', '21514249', '21911655', '22250775', '2418083', '3758265', '3782501', '3840049', '5126829', '6800439', '7104545', '7494186', '7622680', '8071705', '8548316', '9191756', '9235959', '9236950', '9443474', '9720972']"
NCT05007353,"['25771249', '33748399']"
NCT05009524,"['22261206', '27337738', '29780318', '30200183', '30233154']"
NCT05012410,"['28800895', '29747583', '33786370']"
NCT05015478,"['15817019', '1947597', '2265922']"
NCT05016219,"['15817019', '16216333', '1947597', '24443644', '2748771', '6496779', '6610841', '7104545']"
NCT05019014,['27696605']
NCT05020106,['31422798']
NCT05020626,"['19508444', '21514248', '21775213', '21797856', '21971468', '22002422', '22265587', '23547267', '26618812', '26921134', '26962052', '27068280', '27211255', '27570871', '2774485', '28066707', '28239636', '28241163', '28552181', '28872215', '29053874', '29309541', '29403032', '29739861', '29760644', '29780869', '30297701', '30374196', '30745444', '32206755', '32380145', '33189932', '9330961']"
NCT05023564,"['11708987', '25030513', '27068280', '29055814', '29653606']"
NCT05040217,"['19198615', '21358740', '24068826', '26302439']"
NCT05060848,['33710769']
NCT05063045,['35996089']
NCT05081219,"['10078556', '11306609', '11556941', '11735772', '11992114', '12547019', '12951650', '1400644', '14980532', '15262337', '15288712', '15501490', '15590928', '15964100', '16216936', '16340083', '16399806', '16591462', '16717171', '17692997', '17848936', '17855343', '17942819', '18230654', '18359102', '18430999', '18549783', '19015157', '19026743', '19188609', '20837822', '20847404', '20921876', '21514249', '21911655', '22250775', '2418083', '3758265', '3782501', '3840049', '5126829', '6800439', '7104545', '7494186', '7622680', '8071705', '8548316', '9191756', '9235959', '9236950', '9443474', '9720972']"
NCT05119114,"['16360788', '18390347', '19277975', '28317647']"
NCT05143528,['32468646']
NCT05151562,"['12021425', '15817019', '24443712', '24586929', '9153155', '9236950', None]"
NCT05153941,"['11001602', '1202204', '19389792', '20660517', '20796301', '20922349', '2289094', '23415132', '23712106', '25368575', '25598195', '26612665', '27239530', '2748771', '28462387', '29124109', '29653606', '29940377', '29955653', '30120083', '30154500', '30531941', '30721947', '30777041', '31164314', '31280303', '33250792', '33772866', '5146491', '9236950', None]"
NCT05159557,"['28395276', '28655841', '29216633', '29289452']"
NCT05159583,"['28395276', '28655841', '29216633', '29289452']"
NCT05159596,"['28395276', '28655841', '29216633', '29289452']"
NCT05163067,"['27838936', '31494009', '33188687', '34092631', '34601135']"
NCT05163626,"['23985135', '27838936', '30292523', '31232686', '31494009', '32776690', '34601135']"
NCT05172128,"['19954954', '24117094', '26606074', '28283823', None]"
NCT05183516,"['27692981', '33856020', '33933117', '34897645']"
NCT05189106,"['33589615', '34233951']"
NCT05194787,['35850660']
NCT05216315,"['26597929', '26607412', '27160468', '30503376', '30615905', '31998111', '32199339', '33354206']"
NCT05227820,"['15087583', '15817019', '17251419', '17317458', '17506911', '17542384', '19236314', '21514249', '21514250', '25384392', '25693054', '26140284', '26677842', '27450471', '28206828', '28538088', '28819654', '28887072', '29132542', '29197626', '29319337', '30100873', '30231623', '30370616', '30406177', '31008407', '31205489', '31229433', '31396033', '31428627', '31636448', '33068776', '33729626', '34251287', '34476189', '9845158', None]"
NCT05231954,['36221141']
NCT05246332,"['27656022', '31831261', '31855161']"
NCT05251649,['36212652']
NCT05260177,"['11355381', '22091642', '27929004', '30879788', '31076275', '31836315', '34021943', '34661615']"
NCT05265182,"['19934445', '23961782', '24088400', '24524440', '25731881', '26990298', '27840579', '28329867', '29710725', '30702436', '31299921', '32091323', '32280091', '32365533', '33322679', '33533720', '34887743', '9153155']"
NCT05269394,"['10805776', '10995239', '11606569', '1759558', '23029602', '23332364', '25406315', '28558799', '28678775', '30158706', '32360477', '34155411']"
NCT05292248,"['16764178', '20938727', '33146727', None]"
NCT05318976,"['16705109', '21239393', '22966039', '27470609']"
NCT05321498,"['16569464', '16705109', '19070941', '21239393']"
NCT05343611,"['10917928', '11197526', '15755830', '16601270', '17414804', '17548726', '20004110', '22366763', '24243396', '25097722', '25244230', '26857389', '27347878', '27501361', '27540967', '27816611', '29329238', '29420990', '31146395', '31535334', '31744119', '32160459', '3802504', '8903398', None]"
NCT05350410,"['23138443', '23332672', '23550670', '28605999', '28735855', '29450072', '29955663', '30175227', '32157811', None]"
NCT05352529,"['31796718', '34269690', '34334439']"
NCT05356702,"['28849435', '31612463', '34702167']"
NCT05359679,['36163181']
NCT05364307,"['18625866', '2106207', '24503555', '27668883', '28752420', '29653606']"
NCT05374278,"['11124442', '17519979', '20026663', '25716012', '26912447', '27114033', '27844039', '28634836', '28941755', '2896322', '29405337', '29653606', '31396666', '7722505', '9258260']"
NCT05378659,"['10369305', '19944539', '20139996', '20609722', '20858956', '21345170', '21474666', '23251749', '23371369', '23592557', '23732272', '23964211', '25352800', '25859906', '26064288', '26580833', '27537541', '28302254', '28465805', '29399093', '30107413', '30607668', '30738372', '30967444', '31166241', '31561651', '31976614', '9525362']"
NCT05394584,"['11056778', '12021425', '12948999', '20069533', '20738410', '21834193', '22336813', '22889599', '23097740', '23146408', '23740535', '27774025', '28211659', '29717527', None]"
NCT05402423,['36034306']
NCT05417555,"['21777872', '24060532', '25222068', '25873429']"
NCT05418296,"['24635843', '26728933', '34140328']"
NCT05421728,['26951587']
NCT05422339,"['31796718', '34269690', '34334439']"
NCT05427448,"['34103344', '34262030', '35169889']"
NCT05433363,"['10190820', '19752306', '20934914', '21233478', '21514247', '21514248', '25165388', '26189091', '28154105', '28609518', '29653606', '30651152', '31958406', '32787971']"
NCT05462977,['37671396']
NCT05468268,"['16517514', '17188568', '19833552', '21514250', '25541459', '26275346', '33188680', '33243615', '35074394', '35101524', None]"
NCT05473325,['30591692']
NCT05475158,"['17071920', '17460292', '1996878', '20182034', '20946471', '21124753', '21514249', '22749065', '2314849', '23477989', '25795476', '27023249', '27239502', '2819446', '28600299', '29040211', '29394263', '30073360', '30352114', '30939178', '31118186', '31193094', '31638686', '32153141']"
NCT05477862,"['12151841', '17329432', '21889116', '25725917', '34966344']"
NCT05479552,['35272481']
NCT05522387,"['10449104', '11238292', '11772511', '12909295', '12933918', '14512626', '15793291', '16569464', '16705109', '1745413', '17641054', '19070941', '19222369', '19439490', '21180547', '21239393', '21514250', '21978728', '22945416', '22966039', '23296339', '24185570', '26117714', '26894207', '27470609', '28052249', '28237313', '29275977', '29653606', '29760711', '29985987', '3116087', '31479147', '31522977', '32171076', '32203525', '32808747', '32947003', '34239415', '34276428', '34569707', '9100663', None]"
NCT05527405,"['31796718', '34269690', '34334439']"
NCT05529277,"['35564877', '37612103', '38836294']"
NCT05538455,"['10532026', '15831139', '16360788', '16534088', '17016120', '17133526', '18094706', '18267287', '20721926', '23769598', '27000212', '27124611', '27567884', '27610055', '28178858', '29163139', '30287051', '30428518', '32452817', '3920711']"
NCT05538507,"['21514250', '23839964', '25386946', '25690664']"
NCT05552157,"['22784036', '23217740', '24016464', '24928124', '25012224', '26203303', '27157073', '28703214', '29250611', '29435570', '29761523', '30006100', '30217935']"
NCT05557617,['30746447']
NCT05562583,['37672311']
NCT05564169,"['21504563', '32623401', '36849969']"
NCT05569083,"['10471850', '28646686', '29287745', '29782316', '30604054', '30953258', '32043740', '32485802', '33466854', '33919572', '34625855', None]"
NCT05591027,"['35096945', '35204098']"
NCT05597124,['38076534']
NCT05597410,['30867271']
NCT05599100,"['1466831', '21294937', '33325828', '33340272']"
NCT05601856,"['10892337', '11055423', '11274343', '11406485', '14599289', '15052274', '15126696', '20498852', '20722820', '21514250', '21983158', '23251531', '23313315', '25251457', '25991443', '26207229', '26582383', '26698298', '27068280', '27371494', '27443609', '27630867', '28176819', '28546539', '28768369', '29653606', '29665808', '30051512', '31434623', '31471351', '31488882', '31852995', '32116258', '32583667', '33074224', '33439974', '33505301', '33523001', '33845942', '34663905', '34735921', '9845158']"
NCT05604183,"['25279138', '30738407', '31530809', '31843944', '31920420', '34838239', '35275064']"
NCT05614310,"['12433261', '21694448', '25199063', '27461165', '29934551', '31728307']"
NCT05643326,"['19400723', '23785325', '27929004', '30879788', '31076275', '33762220', '35607946']"
NCT05667649,['31327120']
NCT05669365,"['30094817', '30497302', '31566651', '36331050']"
NCT05672732,"['20610346', '29614878', '30560544']"
NCT05703490,['36146095']
NCT05710549,"['30902640', '31277878', '35080692']"
NCT05723172,"['31863873', '33115936', '33888649', '35599760', '35757229']"
NCT05732519,"['26484921', '33986656', '34095435', None]"
NCT05732935,"['10022113', '15090118', '15817019', '16108925', '17210814', '17229948', '19381858', '19590001', '19659459', '19862695', '20739645', '20842183', '22608008', '22932268', '23562429', '23604473', '23639403', '23702405', '23832077', '24125814', '24625794', '24798886', '24913896', '25324468', '25383529', '25417146', '25546413', '25556993', '25592436', '25639909', '26130060', '26462882', '26557086', '26766547', '26975983', '2748771', '27574892', '27810402', '28017879', '28094793', '28145903', '28253546', '28531269', '28578930', '28585193', '28650595', '28814614', '29086496', '29472026', '29653606', '30100759', '30151729', '30243772', '30291317', '30442801', '30472717', '30566858', '30925707', '31262054', '31303390', '31408876', '31684029', '31753135', '31881139', '31927066', '32213965', '32446780', '32554763', '32623402', '32768682', '32940695', '33191210', '33212927', '33756057', '34043283', '34214643', '34321360', '34588695', '34613684', '34728336', '35157570', '35229662', '35565812', '7183759', '7959080', '8126356', '8628042', '9845158', None]"
NCT05741853,"['17125807', '21325651', '24198291', '26346123', '26539107', '28322905', '28662598', '29213828', '29718131', '30186225', '30640254', '31390290', '32881346', '34827370', '7114808']"
NCT05748613,"['10259963', '11132119', '15817019', '17563199', '25577948', '26140284', '2748771', '29213800', '30199696', '3397865', '7104545', '9153155', '9845158', '9881538', None]"
NCT05754021,"['33777594', '36642072']"
NCT05803122,"['19474567', '21514249', '21514250', '29240561', '35982477']"
NCT05804383,"['28683325', '35648810']"
NCT05805215,"['16054861', '24028960', '25170153', '25422457', '28575667', '28655882', '29277405', '31189985', '33192388']"
NCT05808530,"['22586419', '23146408', '26540080', '27168052', '27503001', '27774025', '27846102', '28881430', '29213453', '29717527', '31930518', '33104028', '33907595', '35173425']"
NCT05817188,"['24721339', '25695768', '27801938', '27810851', '28550260', '29656469']"
NCT05825404,"['27066526', '31855161', '35602310']"
NCT05827276,"['1202204', '14017386', '15031821', '16866815', '17050293', '23450551', '24635665', '26626262', '26760674', '26819070', '26843714', '27951433', '28405256', '28756788', '29411663', '29493789', '29499661', '30017005', '31688886', '31941356', '32190507', '32776698', '33663401', '34167127', '34727408', '9309486', None]"
NCT05846984,"['11556941', '11815700', '1466831', '16764178', '20644190', '24171485', '27794127', '32255406', '33146727', '35447558']"
NCT05847153,"['19282676', '19585957', '21502853', '25688604', '28501707', '28815557', '29611687', '30010422', '33799828', '33828514', '34288218']"
NCT05877196,"['11427769', '12661673', '12816748', '18768414', '19001882', '20065132', '20223924', '20385908', '20414564', '20689460', '21911546', '23117349', '24676435', '25264466', '25648055', '25874613', '25884637', '25901000', '25974049', '26084342', '26087884', '26157337', '26556080', '26682695', '26782852', '26863996', '27037872', '27321604', '27344641', '27911304', '28187125', '28273480', '28385556', '28628488', '28655135', '28800328', '29289581', '29357481', '30107789', '30901716', '31345646', '31656988', '31732460', '32010759', '33523004', '34405228', '34492709', '34690736', '34877985', '36461134', '6500788', None]"
NCT05882344,"['21514250', '22858530', '23653484', '24798585', '34392372', '36449413', '8232972']"
NCT05886114,"['35098972', '35935417']"
NCT05893524,"['31104024', '32150995', '32727472', '33153203']"
NCT05899764,"['21514249', '21514250', '23835471', '27696483', '29399049', '34570177', '6496779']"
NCT05905796,"['28849435', '31612463', '35906516', '37858616']"
NCT05905822,"['30958695', '36348357']"
NCT05909189,"['28273753', '28990872', '31392286']"
NCT05923307,"['10720283', '1580810', '17909133', '27307127', None]"
NCT05924529,"['32280149', None]"
NCT05943925,"['10861923', '11113214', '1202204', '13263471', '17151594', '19648582', '20974015', '23474283', '23500100', '26319833', '27865949', '27891089', '29051531', '30158897', '30700769', '3140969', '3249767', '34474192', '34911422', '6501581', '7104545', '7114305', '9932936']"
NCT05949047,"['18835479', '23528881', '23712210', '23963684', '24364856', '30240574', '31031074', '31961188', None]"
NCT05984446,"['34290585', '34459405']"
NCT06019117,"['11147505', '11403877', '19632367', '2094891', '23645956', '24247053', '24389208', '25453395', '25808285', '26171115', '30285386', '33325173']"
NCT06021704,"['15817019', '17443116', '17679641', '20685078', '24354328', '7991117']"
NCT06023446,['32512126']
NCT06039267,"['27776263', '29039142', '29051531', '29758946', '30023410', '31063846', '31118068', '31530263', '32125206', '32727612', '34111528', '34182544', '34669122']"
NCT06052163,"['36172600', '36909637']"
NCT06072014,[None]
NCT06072963,"['12821276', '12925848', '16112245', '17848936', '18367931', '18430999', '18765651', '19237574', '21911655', '22015237', '23332364', '23687103', '25150735', '26711459', '27255817', '27350397', '27488909', '28372335', '28432077', '29687620', '29955655', '29959217', '30182156', '30383799', '30635783', '30760178', '30868154', '30917904', '30944040', '30984815', '31022213', '31189511', '31924562', '32296731', '32562683', '32568367', '32588967', '32716707', '32982937', '33044181', '33222922', '33461618', '33585983', '33831607', '33849249', '33887983', '33903177', '34039508', '34101779', '34305810', '34636161', '34756135', '35079029', '35482079', '3662782', '36871874', '8563978', '9191756']"
NCT06081569,"['15072680', '16154603', '22776967', '22811688', '23845236', '24142144', '25446977', '29425241', '29433981', '30475831', '30552912', '32277744', '33294808', '33667416', '33986301', '35472844', '35871339', '36640453', '36918389']"
NCT06105320,"['37275847', '37778510']"
NCT06114914,"['35850660', '37489153', '37519032', '37592719', '37773122']"
NCT06134180,"['16764178', '33146727', '34255179']"
NCT06158789,['34740367']
NCT06170268,"['21514248', '21514249', '21514250', '26482651', '33756057', '34043283', '35289055']"
NCT06202872,"['27829687', '27929004', '33762220', '34029743', '35607946', '37224229']"
NCT06216275,"['11249409', '11580163', '11913515', '12519587', '15167944', '30654878', '31066598', '35365274', '37735859']"
NCT06221202,"['12815136', '20526954', '22372475', '22586419', '22847712', '23945631', '24336663', '24913212', '26456371', '26505243', '28352225', '28541374', '28735855', '29376864', '29862347', '29995884', '30237705', '30336101', '30515063', '30706526', '31055579', '31868666', '32281151', '32468912', '32663113', '32687886', '32738937', '33404634', '33716905', '33722828', '34055724', None]"
NCT06223360,"['10976635', '11571671', '12592403', '15852400', '20385653', '2087217', '24399744', '25341459', '27252647', '29235507', '29860433', '30151974', '32858501', '33074237', '33146542', '33354793', '33576090', '33727798', '33829271', '3395256', '6697223', '7120152', '8232972', '8245957', '927453', '9570639', '9638312', None]"
NCT06223438,"['20935035', '31464088', '32832589', '34295959', '35446396', '35719134', '36447478']"
NCT06245616,"['10202376', '11408299', '12214118', '12490568', '12580703', '16962759', '19118806', '19595937', '22048062', '22121489', '31683841', '35887052', '3670729', '37740318', '9392577', '9399206']"
NCT06246019,"['32123385', '32333900', '33169916', '34266917', '34418401', '35865350', '37155177']"
NCT06249204,['29361074']
NCT06257563,"['17052663', '20810376', '27193287', '31247624', '31752633', '35877169', '37115814', '37361677', '38157239']"
NCT06275243,"['14578332', '19906263', '20734437', '24502694', '27470930', '28085496', '33375167']"
NCT06276023,"['11132119', '11773226', '19282676', '19585957', '21502853', '21584907', '24320763', '26858469', '28815557', '31516024', '33756057', '6668417', '8576833', '9189988', None]"
NCT06321380,"['11459742', '1202204', '14044222', '15010086', '16523997', '17605579', '19810010', '20236672', '20543458', '21090897', '21504129', '22575403', '24459411', '24787541', '26563664', '26595643', '29542133', '29557069', '30024250', '34675799', '5349366', '8868277', None]"
NCT06335953,"['15571547', '16091574', '19021301', '20104939', '23212732', '23550814', '24222659', '24939712', '25621434', '25798575', '25798731', '25984581', '26338170', '26782849', '27077231', '27260319', '27991653', '28402533', '29298192', '31068402', '32276360', '32728959', '33687462']"
NCT06362707,"['11001602', '12482085', '15670369', '17176501', '17192498', '18044665', '18574328', '19170447', '19660834', '20413901', '22503160', '22858530', '23123941', '23164821', '23638992', '23912836', '25362041', '25598195', '26096665', '26528237', '26543007', '27057123', '28128869', '28960500', '29055813', '29318278', '30232325', '31193334', '32271814', '32939050', '33088895', '34151519', '3496763', '3598899', '36449413', '6496779', '7991117', '8232972', '8889286', '9236949']"
NCT06375213,"['27323247', '29653606', '29958008', '8232972', None]"
NCT06378372,"['15709930', '1587970', '16207391', '19214750', '21463047', '26921134', '7653692', '7991117', None]"
NCT06379100,"['18835452', '20563894', '28987056', '29746896', '29903452', '31879235', '34752934', '34902823', '34998485', '35700915', '36184623', '36281767']"
NCT06384573,"['21211070', '23139856', '24016464', '24131566', '24928124', '34155411', '36449413', '36544184']"
NCT06385106,"['31944580', '34906982', '37601952']"
NCT06391853,"['10599761', '15750215', '19885299', '21911655', '24843720', '25373630', '25681666', '29508509', '29653606', '29957442', '31375134', '33515428', '33585904', '36219990', '36834685', '37379265']"
NCT06424236,"['22672770', '22784036', '24016464', '24928124', '26203303', '27157073', '27583651', '28703214', '29250611', '29761523', '30217935', None]"
NCT06424652,"['11556941', '15817019', '22511259', '23968694', '24354019', '25342129', '33284428', '36280236', '37610594', '37962393', '38073629']"
NCT06429124,"['1202204', '12724520', '13332224', '17306982', '18696313', '21021020', '2402168', '2520283', '2748771', '28504774', '29086496', '29321682', '29653606', '29754952', '30197301', '31262054', '31975053', '32125670', '32213965', '32568202', '32706729', '32872655', '34579042', '35297471', '6668417', '6848584', '8592548', '8994305', '9626712', '9736873', None]"
NCT06435078,"['10203123', '11487606', '12391031', '14985892', '15003998', '17204576', '17678670', '18046000', '18255182', '18687981', '19195027', '19402148', '21092931', '21188355', '21374708', '21960656', '22087065', '22222494', '22241054', '22275627', '22377783', '22552184', '22571177', '22885285', '22913030', '22929394', '23023814', '23411675', '23544151', '23598084', '23624025', '23836110', '23934582', '23977209', '24355426', '24391799', '24496877', '24722361', '24885076', '25017499', '25365477', '25417192', '25417846', '25690168', '26072437', '26829761', '7556361', None]"
NCT06445582,"['26639968', '26848175', '30014145', '30396272', '32859701', '35648810', '8083732']"
NCT06470061,"['20550967', '28814675', '33015311', '34366344', '34430703', '36449413', '37459141']"
NCT06483438,"['17029655', '18280503', '19168711', '20050900', '23539771', '28290244', '28891745', '8216956']"
NCT06489548,"['15972866', '18510923', '18941193', '19756989', '21949026', '24316888', '26912648', '27161438', '27246324', '27713140', '28003243', '28226226', '28739191', '28930663', '31217537', '32954348', '34475873', '34603323']"
NCT06492967,['37204054']
NCT06496425,['36760458']
NCT06528964,"['23635781', '26619251', '27042679', '28892572', '35431542']"
NCT06529744,"['10984517', '14654453', '19439421', '20404309', '20561356', '20935330', '22119648', '22410648', '22843262', '23867200', '25401390', '25510382', '27302364', '27371494', '28439722', '29653606', '29843242', '29878075', '30021658', '30252044', '31761295', '31920620', '32112059', '32123386', '32146547', '32344399', '32743556', '33165506', '33585983', '33892821', '34301930', '34602499', '9931268']"
NCT06538311,"['21840627', '25170153']"
NCT06547099,"['34542571', '36087307', '37204806']"
NCT06561906,['37098612']
NCT06565169,"['12779304', '18187696', '22734792', '22948931', '29204975', '29288881', '30891850', '31462421', '31494079', '31783848', '33400605']"
NCT06608589,"['10351068', '10413390', '11332222', '11929504', '12021756', '12236382', '12558354', '14630762', '15523072', '16360788', '16896392', '19093915', '19339721', '20656194', '21070195', '21385369', '21929476', '21940916', '22874449', '23301730', '23305823', '24160758', '24168667', '24643173', '24682396', '24820131', '25901550', '26264351', '26384648', '26400735', '26484682', '26889507', '27536797', '27693565', '28369687', '28403508', '29058625', '29394354', '29426341', '29460284', '30239777', '30646911', '31211400', '31383707', '32820702', '35199849', '35318188', '35476039', '35535517', None]"
NCT06618807,"['36254133', '36704674']"
NCT06631742,"['12021425', '1202204', '12671209', '20944075', '21878600', '27393566', '28271072', '28689566', '30925610', '32085951', '32662311', '3337862', '35510973', '9153155']"
NCT06632470,"['21770232', '22035455', '23698595', '25740785', '27301770', '27529826', '31739693', '32491376', '32875272', '33250716', '33530914', '34300067', '34829827', '36407112', '36522308', '36901787', '37095894', '37385998', '38054895', '38222245']"
NCT06635252,"['22595323', '34535799']"
NCT06639282,"['11255443', '1202204', '12406644', '12552040', '12959412', '16327349', '21514250', '22315714', '22687167', '22845008', '23332364', '23791707', '23826273', '24635843', '25031633', '25621019', '25792098', '26519230', '27010616', '27117087', '27249325', '28100182', '28124585', '28247239', '28662296', '29576505', '30088221', '30257642', '30804241', '31476157', '31591277', '31603362', '31757428', '31835422', '31911096', '31915375', '31920620', '32059809', '32123490', '34777855', '35099758', '6496779', '8232972', '9236950', '9527899', None]"
NCT06644573,"['12426272', '15166550', '15166561', '15575797', '17175184', '21107748', '21358845', '23797824', '23826169', '26719733', '28646346', '28747855', '29661412', '37741690', '38418876']"
NCT06647498,"['10072051', '12130773', '17210801', '19376612', '20080878', '22784036', '23217740', '24016464', '24598588', '24928124', '25012224', '29435570', '29579160', '30006100', '30217935', '37459141']"
NCT06669182,"['12084879', '22487856', '24990924', '29053771', '29623859', '30276522', '30630042', '31564456', '32081466', '33397496', '33667416', '34062299', '34998485', '35667396', '37428408', '37875627', '38101590', '38954796', '39062547']"
NCT06669546,"['33406249', '35603302', '38163288', '38744792']"
NCT06670820,"['15664172', '24833712']"
NCT06688968,"['24653714', '28025173', '28462986', '30883343', '31293379', '33442987', '33679562', '33967069', '34770129']"
NCT06705010,"['35344608', '36875625', '37518942', '38184158']"
NCT06706947,"['17035714', '17044135', '22064427', '22896675', '23622250', '24001674', '24818261', '25037289', '26030524', '26077718', '27570871', '29950669', '30046111', '30635926', '30792114', '32795892', '33720637', '35344212', '35441600', '37095250']"
NCT06722352,"['36842068', '5881970']"
NCT06727461,"['10527184', '16708981', '19828530', '25470805', '26504119', '32059646', '32736992', '34105718', '34387363', '35489380', '37357327']"
NCT06730438,"['32042569', '35033118']"
NCT06768996,"['26419700', '28662418', '34315954', '36321882', '36672592', '38176601']"
NCT06774261,"['11261809', '11336614', '11830755', '15132713', '16248851', '18300284', '24362362', '26401704', '26528237', '27254111', '28963051', '29318971']"
NCT06781645,"['26540080', '35461471']"
NCT06793735,"['19812460', '30239213', '32903506']"
NCT06826157,"['21514249', '21514250', '21810890', '26199870', '28592453', '29653606', '34098525', None]"
NCT06826261,"['14580622', '16209425', '17452283', '17562028', '20938352', '21284770', '22647254', '23274187', '24345389', '25646706', '25852494', '27195000', '27372845', '27653887', '28913915', '29277405', '30193898', '34930421', '34958021', '35713198', '36134540', '9236948']"
